time,latitude,longitude,dir
2025-10-29T20:29:39.433229+00:00,58.4265495,15.4868295,NE
2025-10-29T20:29:40.433820+00:00,58.42657033333333,15.4869635,NE
2025-10-29T20:29:41.431855+00:00,58.42658933333333,15.487098166666666,NE
2025-10-29T20:29:42.433898+00:00,58.42661,15.487232833333334,NE
2025-10-29T20:29:43.430950+00:00,58.42662816666667,15.487367166666667,NE
2025-10-29T20:29:44.434006+00:00,58.42664933333333,15.4875005,NE
2025-10-29T20:29:45.431100+00:00,58.426665,15.487639666666666,NE
2025-10-29T20:29:46.435105+00:00,58.42668666666667,15.487778,NE
2025-10-29T20:29:47.432100+00:00,58.42670183333333,15.487924666666666,NE
2025-10-29T20:29:48.436140+00:00,58.426722166666664,15.488057666666666,NE
2025-10-29T20:29:49.434201+00:00,58.4267375,15.488177666666667,NE
2025-10-29T20:29:50.433263+00:00,58.426747,15.488311833333333,NE
2025-10-29T20:29:51.432284+00:00,58.426754,15.4884535,NE
2025-10-29T20:29:52.433347+00:00,58.426761666666664,15.488589166666667,NE
2025-10-29T20:29:53.434377+00:00,58.4267615,15.4887315,NE
2025-10-29T20:29:54.429449+00:00,58.426759,15.488861833333333,NE
2025-10-29T20:29:55.430472+00:00,58.426764,15.4890045,NE
2025-10-29T20:29:56.432574+00:00,58.426776333333336,15.489145,NE
2025-10-29T20:29:57.430623+00:00,58.4267775,15.489279166666666,NE
2025-10-29T20:29:58.432652+00:00,58.4267755,15.489415666666666,NE
2025-10-29T20:29:59.432675+00:00,58.42678316666667,15.489549,NE
2025-10-29T20:30:00.431881+00:00,58.42676216666667,15.489711166666666,NE
2025-10-29T20:30:01.427766+00:00,58.426748333333336,15.489856,NE
2025-10-29T20:30:02.434016+00:00,58.42674316666667,15.489998333333332,NE
2025-10-29T20:30:03.432859+00:00,58.426742,15.490139166666667,NE
2025-10-29T20:30:04.434962+00:00,58.426784,15.490273,NE
2025-10-29T20:30:05.431974+00:00,58.42676816666667,15.490402666666666,NE
2025-10-29T20:30:06.434009+00:00,58.42675716666667,15.490529333333333,NE
2025-10-29T20:30:07.431042+00:00,58.426732,15.490647333333333,NE
2025-10-29T20:30:08.435088+00:00,58.4266975,15.490768333333333,NE
2025-10-29T20:30:09.431144+00:00,58.42666716666667,15.490892166666667,NE
2025-10-29T20:30:10.432198+00:00,58.426617666666665,15.491028166666666,NE
2025-10-29T20:30:11.432239+00:00,58.426582833333335,15.491155,NE
2025-10-29T20:30:12.430309+00:00,58.42657116666667,15.491288333333333,NE
2025-10-29T20:30:13.430335+00:00,58.426557,15.4914265,NE
2025-10-29T20:30:14.433440+00:00,58.42652433333333,15.4915565,NE
2025-10-29T20:30:15.432476+00:00,58.4264935,15.491706666666667,NE
2025-10-29T20:30:16.433522+00:00,58.426486,15.491815666666668,NE
2025-10-29T20:30:17.430578+00:00,58.42645566666667,15.4919295,NE
2025-10-29T20:30:18.434538+00:00,58.4264225,15.4919935,NE
2025-10-29T20:30:19.431693+00:00,58.42639916666667,15.492129166666667,NE
2025-10-29T20:30:20.431763+00:00,58.42637383333334,15.49227,NE
2025-10-29T20:30:21.431729+00:00,58.426369333333334,15.492388166666666,NE
2025-10-29T20:30:22.432806+00:00,58.426355666666666,15.492503166666667,NE
2025-10-29T20:30:23.427845+00:00,58.426361666666665,15.4925705,NE
2025-10-29T20:30:24.432914+00:00,58.42634916666667,15.4927005,NE
2025-10-29T20:30:25.430975+00:00,58.426349333333334,15.492804666666666,NE
2025-10-29T20:30:26.431994+00:00,58.426347166666666,15.492913166666666,NE
2025-10-29T20:30:27.433052+00:00,58.4263,15.493045,NE
2025-10-29T20:30:28.433116+00:00,58.42625966666667,15.493172,NE
2025-10-29T20:30:29.430141+00:00,58.426225,15.493298833333334,NE
2025-10-29T20:30:30.431329+00:00,58.42616833333334,15.493433666666666,NE
2025-10-29T20:30:31.430421+00:00,58.426144666666666,15.4935475,NE
2025-10-29T20:30:32.433289+00:00,58.426111666666664,15.493664833333334,NE
2025-10-29T20:30:33.438322+00:00,58.42607266666667,15.493776166666667,NE
2025-10-29T20:30:34.432281+00:00,58.4260455,15.4938815,NE
2025-10-29T20:30:35.433432+00:00,58.42601766666667,15.493987666666667,NE
2025-10-29T20:30:36.432466+00:00,58.4260035,15.4940785,NE
2025-10-29T20:30:37.430507+00:00,58.425952,15.494216666666667,NE
2025-10-29T20:30:38.432556+00:00,58.425884333333336,15.494358,NE
2025-10-29T20:30:39.431605+00:00,58.4258375,15.494487333333334,NE
2025-10-29T20:30:40.432753+00:00,58.425837666666666,15.494568166666667,NE
2025-10-29T20:30:41.429623+00:00,58.4257825,15.494700833333333,NE
2025-10-29T20:30:42.431903+00:00,58.4257265,15.494827666666666,NE
2025-10-29T20:30:43.427967+00:00,58.425664833333336,15.494946333333333,NE
2025-10-29T20:30:44.433946+00:00,58.425616166666664,15.495057666666666,NE
2025-10-29T20:30:45.430063+00:00,58.4255805,15.495172833333333,NE
2025-10-29T20:30:46.432871+00:00,58.425524833333334,15.495282333333334,NE
2025-10-29T20:30:47.430985+00:00,58.4254705,15.4953925,NE
2025-10-29T20:30:48.433061+00:00,58.42541716666667,15.4955,NE
2025-10-29T20:30:49.432097+00:00,58.425352333333336,15.495611666666667,NE
2025-10-29T20:30:50.435128+00:00,58.42528516666667,15.495726,NE
2025-10-29T20:30:51.432187+00:00,58.4252445,15.495806833333333,NE
2025-10-29T20:30:52.433237+00:00,58.42515516666667,15.495924,NE
2025-10-29T20:30:53.431267+00:00,58.42510583333333,15.496036333333333,NE
2025-10-29T20:30:54.433429+00:00,58.425020333333336,15.496166833333334,NE
2025-10-29T20:30:55.434368+00:00,58.424942333333334,15.496297,NE
2025-10-29T20:30:56.433562+00:00,58.42490466666667,15.496401,NE
2025-10-29T20:30:57.430580+00:00,58.4248875,15.496477,NE
2025-10-29T20:30:58.434510+00:00,58.424843333333335,15.496574666666667,NE
2025-10-29T20:30:59.430566+00:00,58.42483033333333,15.496683166666667,NE
2025-10-29T20:31:00.434608+00:00,58.42483266666667,15.496788666666667,NE
2025-10-29T20:31:01.431654+00:00,58.42488866666667,15.496902666666667,NE
2025-10-29T20:31:39.428429+00:00,58.42525783333333,15.5002525,NE
2025-10-29T20:31:40.432474+00:00,58.4249505,15.500512666666667,NE
2025-10-29T20:31:41.430601+00:00,58.42483383333333,15.500591,NE
2025-10-29T20:31:42.433569+00:00,58.424752833333336,15.500668,NE
2025-10-29T20:31:43.430622+00:00,58.42467466666667,15.5007635,NE
2025-10-29T20:31:44.433659+00:00,58.424497833333334,15.500771833333333,NE
2025-10-29T20:31:45.432710+00:00,58.42433666666667,15.500779166666666,NE
2025-10-29T20:31:46.434753+00:00,58.42420116666667,15.500806,NE
2025-10-29T20:31:47.431873+00:00,58.424081,15.500832833333334,NE
2025-10-29T20:31:48.433065+00:00,58.4239745,15.500869666666667,NE
2025-10-29T20:31:49.432912+00:00,58.423879,15.500911,NE
2025-10-29T20:31:50.431962+00:00,58.42379233333333,15.500962833333332,NE
2025-10-29T20:31:51.437990+00:00,58.42369766666667,15.500995833333333,NE
2025-10-29T20:31:52.435039+00:00,58.42360933333333,15.501041,NE
2025-10-29T20:31:53.431087+00:00,58.423551,15.501119166666667,NE
2025-10-29T20:31:54.434145+00:00,58.423506,15.501193333333333,NE
2025-10-29T20:31:55.432176+00:00,58.42345183333333,15.501262666666667,NE
2025-10-29T20:31:56.434194+00:00,58.42339833333333,15.501333833333334,NE
2025-10-29T20:31:57.430284+00:00,58.423369666666666,15.501408166666666,NE
2025-10-29T20:31:58.432315+00:00,58.423338666666666,15.501488833333333,NE
2025-10-29T20:31:59.432315+00:00,58.42330966666667,15.5015605,NE
2025-10-29T20:32:00.432338+00:00,58.423273,15.5016255,NE
2025-10-29T20:32:01.429491+00:00,58.42322466666667,15.501698166666667,NE
2025-10-29T20:32:02.432690+00:00,58.423184166666665,15.501773333333333,NE
2025-10-29T20:32:03.432598+00:00,58.42313883333333,15.501849333333332,NE
2025-10-29T20:32:04.433612+00:00,58.42310783333333,15.501941333333333,NE
2025-10-29T20:32:05.431658+00:00,58.4230455,15.502009833333334,NE
2025-10-29T20:32:06.432702+00:00,58.42300933333333,15.502079333333333,NE
2025-10-29T20:32:07.434744+00:00,58.422967,15.502147833333334,NE
2025-10-29T20:32:08.433797+00:00,58.4229225,15.502219666666667,NE
2025-10-29T20:32:09.434750+00:00,58.42289433333333,15.502303166666668,NE
2025-10-29T20:32:10.434794+00:00,58.4228765,15.502375,NE
2025-10-29T20:32:11.431955+00:00,58.4228535,15.502425166666667,NE
2025-10-29T20:32:12.429932+00:00,58.422844833333336,15.502475666666667,NE
2025-10-29T20:32:13.432058+00:00,58.422862333333335,15.502510333333333,NE
2025-10-29T20:32:14.435200+00:00,58.422876333333335,15.5025445,NE
2025-10-29T20:32:15.433110+00:00,58.422898333333336,15.502584166666667,NE
2025-10-29T20:32:16.436174+00:00,58.42288516666667,15.502629833333334,NE
2025-10-29T20:32:17.435210+00:00,58.42288516666667,15.502683333333334,NE
2025-10-29T20:32:18.436277+00:00,58.4228725,15.502720833333333,NE
2025-10-29T20:32:19.431310+00:00,58.422883166666665,15.502771833333334,NE
2025-10-29T20:32:20.438366+00:00,58.4228955,15.502814,NE
2025-10-29T20:32:21.434539+00:00,58.42291983333333,15.5028645,NE
2025-10-29T20:32:22.435486+00:00,58.4229625,15.502905,NE
2025-10-29T20:32:23.434556+00:00,58.4229875,15.502962833333333,NE
2025-10-29T20:32:24.436553+00:00,58.422998,15.503014166666667,NE
2025-10-29T20:32:25.434583+00:00,58.42302766666667,15.5030605,NE
2025-10-29T20:32:26.435549+00:00,58.4230625,15.503112333333334,NE
2025-10-29T20:32:27.432725+00:00,58.423154,15.503127666666666,NE
2025-10-29T20:32:28.435769+00:00,58.4231805,15.503171833333333,NE
2025-10-29T20:32:29.433812+00:00,58.423199,15.503231,NE
2025-10-29T20:32:30.436865+00:00,58.423202333333336,15.503301333333333,NE
2025-10-29T20:32:31.440954+00:00,58.4232195,15.503366,NE
2025-10-29T20:32:32.438004+00:00,58.423259,15.503424,NE
2025-10-29T20:32:33.441170+00:00,58.42328966666667,15.503484166666667,NE
2025-10-29T20:32:34.438048+00:00,58.42329483333334,15.503552666666666,NE
2025-10-29T20:32:35.435096+00:00,58.42331466666667,15.503624166666667,NE
2025-10-29T20:32:36.437252+00:00,58.423359833333336,15.5036915,NE
2025-10-29T20:32:37.434330+00:00,58.42337416666667,15.503763166666667,NE
2025-10-29T20:32:38.438268+00:00,58.4233995,15.503831,NE
2025-10-29T20:32:39.435299+00:00,58.42343266666666,15.503894666666667,NE
2025-10-29T20:32:40.436505+00:00,58.423478,15.503989,NE
2025-10-29T20:32:41.433417+00:00,58.423524,15.504084666666667,NE
2025-10-29T20:32:42.435618+00:00,58.42357033333333,15.504169,NE
2025-10-29T20:32:43.433517+00:00,58.42361866666667,15.504253833333333,NE
2025-10-29T20:32:44.436562+00:00,58.423661333333335,15.504354833333334,NE
2025-10-29T20:32:45.434587+00:00,58.423681333333334,15.504458,NE
2025-10-29T20:32:46.436612+00:00,58.423733166666665,15.5045575,NE
2025-10-29T20:32:47.434666+00:00,58.423792,15.504650666666667,NE
2025-10-29T20:32:48.434716+00:00,58.423837666666664,15.504755666666666,NE
2025-10-29T20:32:49.439828+00:00,58.42388566666666,15.5048325,NE
2025-10-29T20:32:50.441804+00:00,58.423922,15.504935833333333,NE
2025-10-29T20:32:51.434850+00:00,58.423976,15.505050333333333,NE
2025-10-29T20:32:52.434897+00:00,58.42402216666667,15.505166833333334,NE
2025-10-29T20:32:53.434990+00:00,58.42407033333333,15.505293166666666,NE
2025-10-29T20:32:54.437957+00:00,58.42412233333334,15.5053985,NE
2025-10-29T20:32:55.435067+00:00,58.42416816666667,15.505517166666667,NE
2025-10-29T20:32:56.436255+00:00,58.424206833333336,15.505631833333334,NE
2025-10-29T20:32:57.435144+00:00,58.4242515,15.505747333333334,NE
2025-10-29T20:32:58.436247+00:00,58.424297333333335,15.5058775,NE
2025-10-29T20:32:59.433296+00:00,58.424346166666666,15.505985333333333,NE
2025-10-29T20:33:00.435305+00:00,58.424386,15.5061065,NE
2025-10-29T20:33:01.434355+00:00,58.424427,15.506234666666666,NE
2025-10-29T20:33:02.437452+00:00,58.424466333333335,15.506369333333334,NE
2025-10-29T20:33:03.433402+00:00,58.4244875,15.506482833333333,NE
2025-10-29T20:33:04.434526+00:00,58.424527,15.506637833333333,NE
2025-10-29T20:33:05.433576+00:00,58.42456383333333,15.506740333333333,NE
2025-10-29T20:33:06.436576+00:00,58.42461133333333,15.506846333333334,NE
2025-10-29T20:33:07.436624+00:00,58.42462866666666,15.5069585,NE
2025-10-29T20:33:08.436682+00:00,58.424649,15.507094500000001,NE
2025-10-29T20:33:09.434734+00:00,58.424656,15.507203666666667,NE
2025-10-29T20:33:10.433913+00:00,58.424665166666664,15.5073455,NE
2025-10-29T20:33:11.435816+00:00,58.424686333333334,15.507471166666667,NE
2025-10-29T20:33:12.438874+00:00,58.424698166666666,15.507538333333333,NE
2025-10-29T20:33:13.434923+00:00,58.42468316666667,15.507694,NE
2025-10-29T20:33:14.436980+00:00,58.424682833333335,15.507906666666667,NE
2025-10-29T20:33:15.435922+00:00,58.42465333333333,15.508097333333334,NE
2025-10-29T20:33:16.439980+00:00,58.424639666666664,15.5082265,NE
2025-10-29T20:33:17.434287+00:00,58.424611166666665,15.508350833333333,NE
2025-10-29T20:33:18.435154+00:00,58.42459316666667,15.5084935,NE
2025-10-29T20:33:19.436316+00:00,58.42456383333333,15.508603,NE
2025-10-29T20:33:20.436294+00:00,58.424548,15.508715833333333,NE
2025-10-29T20:33:21.430390+00:00,58.424521,15.508825333333334,NE
2025-10-29T20:33:22.438344+00:00,58.424489666666666,15.508855833333334,NE
2025-10-29T20:33:23.434389+00:00,58.424460333333336,15.5089105,NE
2025-10-29T20:33:24.435448+00:00,58.424423166666664,15.508945333333333,NE
2025-10-29T20:33:25.433615+00:00,58.4243765,15.508962166666667,NE
2025-10-29T20:33:26.433480+00:00,58.42434033333333,15.508977333333334,NE
2025-10-29T20:33:27.432522+00:00,58.42432983333333,15.5090025,NE
2025-10-29T20:33:28.431576+00:00,58.42433583333333,15.509120166666667,NE
2025-10-29T20:33:29.435767+00:00,58.42435733333333,15.509275666666667,NE
2025-10-29T20:33:30.441716+00:00,58.424352166666665,15.5093955,NE
2025-10-29T20:33:31.432816+00:00,58.424363,15.509553333333333,NE
2025-10-29T20:33:32.439010+00:00,58.42436983333333,15.509700333333333,NE
2025-10-29T20:33:33.436769+00:00,58.424394,15.509758333333334,NE
2025-10-29T20:33:34.435868+00:00,58.42440366666667,15.509785833333334,NE
2025-10-29T20:33:35.433956+00:00,58.424437,15.509872333333334,NE
2025-10-29T20:33:36.437017+00:00,58.42445983333333,15.509965833333334,NE
2025-10-29T20:33:37.435966+00:00,58.4244915,15.510066166666666,NE
2025-10-29T20:33:38.437320+00:00,58.42451716666667,15.510151166666667,NE
2025-10-29T20:33:39.432157+00:00,58.42455616666667,15.51022,NE
2025-10-29T20:33:40.436341+00:00,58.42458,15.510318166666666,NE
2025-10-29T20:33:41.434420+00:00,58.42458216666667,15.510407333333333,NE
2025-10-29T20:33:42.436339+00:00,58.42460166666667,15.5105155,NE
2025-10-29T20:33:43.433348+00:00,58.424635,15.510653333333334,NE
2025-10-29T20:33:44.435386+00:00,58.42465466666667,15.510747166666667,NE
2025-10-29T20:33:45.433581+00:00,58.424688,15.510832333333333,NE
2025-10-29T20:33:46.437673+00:00,58.424720666666666,15.51097,NE
2025-10-29T20:33:47.435558+00:00,58.424748666666666,15.5111,NE
2025-10-29T20:33:48.435671+00:00,58.4247795,15.511226,NE
2025-10-29T20:33:49.442633+00:00,58.424807666666666,15.5113725,NE
2025-10-29T20:33:50.434746+00:00,58.42483583333333,15.5115255,NE
2025-10-29T20:33:51.433888+00:00,58.424865,15.511667166666667,NE
2025-10-29T20:33:52.437769+00:00,58.42489366666667,15.5118125,NE
2025-10-29T20:33:53.436814+00:00,58.424915666666664,15.511962166666667,NE
2025-10-29T20:33:54.437908+00:00,58.42494883333333,15.512107666666667,NE
2025-10-29T20:33:55.435984+00:00,58.424970333333334,15.512255166666666,NE
2025-10-29T20:33:56.436971+00:00,58.424997833333336,15.512389833333334,NE
2025-10-29T20:33:57.433988+00:00,58.42503,15.512531166666667,NE
2025-10-29T20:33:58.436042+00:00,58.42505116666667,15.5126755,NE
2025-10-29T20:34:00.438157+00:00,58.4251055,15.5129535,NE
2025-10-29T20:34:01.432344+00:00,58.4251405,15.513081166666666,NE
2025-10-29T20:34:02.436434+00:00,58.425181333333335,15.513227,NE
2025-10-29T20:34:03.433299+00:00,58.42520283333333,15.5133785,NE
2025-10-29T20:34:04.434486+00:00,58.425237833333334,15.513514,NE
2025-10-29T20:34:05.432391+00:00,58.425268333333335,15.513649000000001,NE
2025-10-29T20:34:06.436561+00:00,58.4253,15.513795166666666,NE
2025-10-29T20:34:07.433479+00:00,58.425334,15.513961666666667,NE
2025-10-29T20:34:08.432517+00:00,58.42536716666667,15.514133166666667,NE
2025-10-29T20:34:09.433575+00:00,58.425383333333336,15.514297166666667,NE
2025-10-29T20:34:10.434690+00:00,58.425387,15.514436166666666,NE
2025-10-29T20:34:11.433702+00:00,58.4254005,15.5145495,NE
2025-10-29T20:34:12.433769+00:00,58.425453,15.514638833333333,NE
2025-10-29T20:34:13.433767+00:00,58.42546883333333,15.51476,NE
2025-10-29T20:34:14.434816+00:00,58.425498166666664,15.5148675,NE
2025-10-29T20:34:15.433874+00:00,58.425523,15.514980833333333,NE
2025-10-29T20:34:16.436038+00:00,58.425548166666665,15.515070166666666,NE
2025-10-29T20:34:17.435121+00:00,58.425569,15.515165833333333,NE
2025-10-29T20:34:18.436986+00:00,58.42557383333333,15.515307666666667,NE
2025-10-29T20:34:19.434058+00:00,58.4255905,15.515467666666666,NE
2025-10-29T20:34:20.438113+00:00,58.42559816666667,15.515646666666667,NE
2025-10-29T20:34:21.436070+00:00,58.425606,15.5158445,NE
2025-10-29T20:34:22.438207+00:00,58.4256125,15.5160345,NE
2025-10-29T20:34:23.437406+00:00,58.425609,15.516210666666666,NE
2025-10-29T20:34:24.435457+00:00,58.425605,15.516377,NE
2025-10-29T20:34:25.436529+00:00,58.425595,15.516537333333334,NE
2025-10-29T20:34:26.435302+00:00,58.42559516666667,15.516707,NE
2025-10-29T20:34:27.434440+00:00,58.425593666666664,15.516874166666666,NE
2025-10-29T20:34:28.438482+00:00,58.425590166666666,15.517026833333333,NE
2025-10-29T20:34:29.440531+00:00,58.425577,15.517170333333333,NE
2025-10-29T20:34:30.434572+00:00,58.42557133333333,15.5173065,NE
2025-10-29T20:34:31.438539+00:00,58.425564666666666,15.517423,NE
2025-10-29T20:34:32.440810+00:00,58.42555433333333,15.5175495,NE
2025-10-29T20:34:33.436807+00:00,58.42553083333333,15.517683166666666,NE
2025-10-29T20:34:34.437768+00:00,58.425519666666666,15.517800333333334,NE
2025-10-29T20:34:35.434917+00:00,58.42550933333333,15.517907333333333,NE
2025-10-29T20:34:36.436869+00:00,58.425498166666664,15.517992166666666,NE
2025-10-29T20:34:37.431928+00:00,58.42546133333333,15.518047,NE
2025-10-29T20:34:38.436975+00:00,58.425402,15.518053666666667,NE
2025-10-29T20:34:39.434933+00:00,58.42535066666667,15.518053666666667,NE
2025-10-29T20:34:40.438057+00:00,58.42528166666666,15.518051333333334,NE
2025-10-29T20:34:41.433124+00:00,58.4252285,15.5180515,NE
2025-10-29T20:34:42.435290+00:00,58.4251665,15.518055,NE
2025-10-29T20:34:44.436429+00:00,58.425140666666664,15.518051833333333,NE
2025-10-29T20:34:45.434487+00:00,58.4250875,15.518032833333333,NE
2025-10-29T20:34:46.436511+00:00,58.42504783333333,15.518011,NE
2025-10-29T20:34:47.434494+00:00,58.42498666666667,15.517999666666666,NE
2025-10-29T20:34:48.438452+00:00,58.424923166666666,15.5179885,NE
2025-10-29T20:34:49.436504+00:00,58.42487116666667,15.5179845,NE
2025-10-29T20:34:50.435527+00:00,58.42482233333333,15.517978166666667,NE
2025-10-29T20:34:51.433578+00:00,58.424769166666664,15.517966333333334,NE
2025-10-29T20:34:52.436626+00:00,58.42470983333333,15.5179555,NE
2025-10-29T20:34:53.435673+00:00,58.424634833333336,15.517951,NE
2025-10-29T20:34:54.436839+00:00,58.424599,15.5179475,NE
2025-10-29T20:34:55.435777+00:00,58.42454466666667,15.5179515,NE
2025-10-29T20:34:56.435821+00:00,58.4244865,15.517953166666667,NE
2025-10-29T20:34:57.434019+00:00,58.42443166666666,15.517964333333333,NE
2025-10-29T20:34:58.434897+00:00,58.4244,15.517977,NE
2025-10-29T20:34:59.431956+00:00,58.4243255,15.517978666666666,NE
2025-10-29T20:35:00.435083+00:00,58.42426116666667,15.517988666666668,NE
2025-10-29T20:35:01.435058+00:00,58.424194166666666,15.518000833333334,NE
2025-10-29T20:35:02.436223+00:00,58.424132166666666,15.518008166666666,NE
2025-10-29T20:35:03.433164+00:00,58.424083,15.518016833333334,NE
2025-10-29T20:35:04.437224+00:00,58.42403266666667,15.5180295,NE
2025-10-29T20:35:05.438230+00:00,58.42397733333333,15.518047,NE
2025-10-29T20:35:06.435358+00:00,58.4239125,15.518062666666667,NE
2025-10-29T20:35:07.435314+00:00,58.4238575,15.518087166666668,NE
2025-10-29T20:35:08.437596+00:00,58.4238135,15.518113166666666,NE
2025-10-29T20:35:09.434573+00:00,58.42375333333333,15.518126,NE
2025-10-29T20:35:10.433625+00:00,58.423699,15.5181475,NE
2025-10-29T20:35:11.435501+00:00,58.4236485,15.518166166666667,NE
2025-10-29T20:35:12.436490+00:00,58.42359916666667,15.518171,NE
2025-10-29T20:35:13.434629+00:00,58.423551833333335,15.518159166666667,NE
2025-10-29T20:35:14.436872+00:00,58.423529333333335,15.518147833333334,NE
2025-10-29T20:35:15.434844+00:00,58.423490666666666,15.518147,NE
2025-10-29T20:35:16.435755+00:00,58.423445,15.5181535,NE
2025-10-29T20:35:17.431809+00:00,58.42337533333333,15.518187666666666,NE
2025-10-29T20:35:18.437020+00:00,58.423315333333335,15.518225333333334,NE
2025-10-29T20:35:19.435897+00:00,58.423257,15.518266333333333,NE
2025-10-29T20:35:20.437946+00:00,58.42321533333333,15.518318666666667,NE
2025-10-29T20:35:21.433991+00:00,58.423181166666666,15.5183155,NE
2025-10-29T20:35:22.436188+00:00,58.4231355,15.518330166666667,NE
2025-10-29T20:35:23.436087+00:00,58.423099,15.518351333333333,NE
2025-10-29T20:35:24.436140+00:00,58.42304566666667,15.518396,NE
2025-10-29T20:35:25.437228+00:00,58.423023666666666,15.518418333333333,NE
2025-10-29T20:35:26.436215+00:00,58.42301033333333,15.518439833333334,NE
2025-10-29T20:35:27.438344+00:00,58.422941,15.518485166666666,NE
2025-10-29T20:35:28.435345+00:00,58.42287566666667,15.518515666666667,NE
2025-10-29T20:35:29.434519+00:00,58.4228265,15.518514333333334,NE
2025-10-29T20:35:30.438380+00:00,58.4227685,15.518491333333333,NE
2025-10-29T20:35:31.433486+00:00,58.42270716666667,15.518522333333333,NE
2025-10-29T20:35:32.438591+00:00,58.42266333333333,15.518540666666667,NE
2025-10-29T20:35:33.433647+00:00,58.42264083333333,15.518499166666667,NE
2025-10-29T20:35:34.436608+00:00,58.42263616666666,15.518449166666667,NE
2025-10-29T20:35:35.432649+00:00,58.4226075,15.518456166666667,NE
2025-10-29T20:35:36.435704+00:00,58.42257683333333,15.518466833333333,NE
2025-10-29T20:35:37.434752+00:00,58.42254333333333,15.518499166666667,NE
2025-10-29T20:35:38.437772+00:00,58.422512166666664,15.518533333333334,NE
2025-10-29T20:35:39.429805+00:00,58.42247116666667,15.518563,NE
2025-10-29T20:35:40.435896+00:00,58.422427166666665,15.5185905,NE
2025-10-29T20:35:41.435055+00:00,58.42237466666667,15.51863,NE
2025-10-29T20:35:42.437000+00:00,58.42235266666667,15.518706333333334,NE
2025-10-29T20:35:43.435065+00:00,58.42234283333333,15.5187925,NE
2025-10-29T20:35:44.436137+00:00,58.42232583333333,15.518875666666666,NE
2025-10-29T20:35:45.435141+00:00,58.42233516666667,15.518944333333334,NE
2025-10-29T20:35:46.433196+00:00,58.42235183333333,15.518996333333334,NE
2025-10-29T20:35:47.440299+00:00,58.42237216666667,15.519044833333334,NE
2025-10-29T20:35:48.436253+00:00,58.42239566666667,15.519076166666666,NE
2025-10-29T20:35:49.438387+00:00,58.42241716666667,15.5191305,NE
2025-10-29T20:35:50.437285+00:00,58.422443333333334,15.519161833333333,NE
2025-10-29T20:35:51.432464+00:00,58.42245066666667,15.519267166666667,NE
2025-10-29T20:35:52.435652+00:00,58.422466,15.519325833333333,NE
2025-10-29T20:35:53.434629+00:00,58.42248433333334,15.519408666666667,NE
2025-10-29T20:35:54.436655+00:00,58.422505666666666,15.519478,NE
2025-10-29T20:35:55.433597+00:00,58.422524,15.519547166666667,NE
2025-10-29T20:35:56.435653+00:00,58.422539666666665,15.5196185,NE
2025-10-29T20:35:57.431696+00:00,58.42255216666667,15.519679,NE
2025-10-29T20:35:58.433747+00:00,58.422573166666666,15.519741166666666,NE
2025-10-29T20:35:59.432798+00:00,58.422594,15.5197925,NE
2025-10-29T20:36:00.433840+00:00,58.422645833333334,15.519847166666667,NE
2025-10-29T20:36:01.432116+00:00,58.42267966666667,15.519967666666666,NE
2025-10-29T20:36:02.435129+00:00,58.422685,15.520073,NE
2025-10-29T20:36:03.433133+00:00,58.422726833333336,15.5201735,NE
2025-10-29T20:36:04.435043+00:00,58.42277283333333,15.520246,NE
2025-10-29T20:36:05.434241+00:00,58.42279,15.520346166666666,NE
2025-10-29T20:36:06.433187+00:00,58.4228245,15.520402166666667,NE
2025-10-29T20:36:07.433209+00:00,58.42286083333333,15.520489666666666,NE
2025-10-29T20:36:08.433264+00:00,58.4228915,15.520549833333334,NE
2025-10-29T20:36:09.434265+00:00,58.422905666666665,15.520680333333333,NE
2025-10-29T20:36:10.435324+00:00,58.422944666666666,15.520842833333333,NE
2025-10-29T20:36:11.432363+00:00,58.422966833333334,15.520961333333334,NE
2025-10-29T20:36:12.434612+00:00,58.4230135,15.521068166666666,NE
2025-10-29T20:36:13.432551+00:00,58.423047,15.521200333333333,NE
2025-10-29T20:36:14.436703+00:00,58.42309816666667,15.521275166666667,NE
2025-10-29T20:36:15.431578+00:00,58.42313166666667,15.521340666666667,NE
2025-10-29T20:36:16.433698+00:00,58.42316816666667,15.5214135,NE
2025-10-29T20:36:17.432643+00:00,58.42318066666667,15.521590666666667,NE
2025-10-29T20:36:18.433699+00:00,58.42320766666667,15.521738333333333,NE
2025-10-29T20:36:19.432737+00:00,58.42323483333333,15.521822833333333,NE
2025-10-29T20:36:20.435794+00:00,58.423238,15.522805666666667,NE
2025-10-29T20:36:21.433848+00:00,58.42325116666667,15.5235165,NE
2025-10-29T20:36:22.436901+00:00,58.42329,15.5237365,NE
2025-10-29T20:36:23.433939+00:00,58.42330316666666,15.523958333333333,NE
2025-10-29T20:36:24.434993+00:00,58.4233195,15.524112,NE
2025-10-29T20:36:25.435032+00:00,58.42334316666667,15.524195333333333,NE
2025-10-29T20:36:26.434121+00:00,58.4233595,15.524311833333334,NE
2025-10-29T20:36:27.434139+00:00,58.423384666666664,15.524446,NE
2025-10-29T20:36:28.435179+00:00,58.42341866666667,15.524524166666666,NE
2025-10-29T20:36:29.439229+00:00,58.42344333333333,15.524600166666666,NE
2025-10-29T20:36:30.434339+00:00,58.4234575,15.524678333333334,NE
2025-10-29T20:36:31.436407+00:00,58.42347266666667,15.524811166666666,NE
2025-10-29T20:36:32.436380+00:00,58.42349,15.524901166666666,NE
2025-10-29T20:36:33.435326+00:00,58.423504333333334,15.525022833333333,NE
2025-10-29T20:36:34.437389+00:00,58.42351716666667,15.5251715,NE
2025-10-29T20:36:35.435547+00:00,58.423531,15.525279833333334,NE
2025-10-29T20:36:36.438537+00:00,58.423542,15.525398333333333,NE
2025-10-29T20:36:37.432605+00:00,58.42354983333333,15.525504666666667,NE
2025-10-29T20:36:38.438626+00:00,58.42355466666667,15.5256405,NE
2025-10-29T20:36:39.434729+00:00,58.42356516666667,15.5257605,NE
2025-10-29T20:36:40.436781+00:00,58.423574333333335,15.5259325,NE
2025-10-29T20:36:41.434986+00:00,58.42358983333333,15.526074333333334,NE
2025-10-29T20:36:42.437921+00:00,58.42360083333333,15.526202666666666,NE
2025-10-29T20:36:43.434857+00:00,58.4236145,15.526334833333333,NE
2025-10-29T20:36:44.435923+00:00,58.423639,15.52647,NE
2025-10-29T20:36:45.435087+00:00,58.423648166666666,15.526592,NE
2025-10-29T20:36:46.440041+00:00,58.42366616666666,15.526738333333334,NE
2025-10-29T20:36:47.437281+00:00,58.42367516666667,15.5268895,NE
2025-10-29T20:36:48.434121+00:00,58.423692,15.527046166666667,NE
2025-10-29T20:36:49.439359+00:00,58.42370433333333,15.527189333333334,NE
2025-10-29T20:36:50.438225+00:00,58.4237205,15.527340833333334,NE
2025-10-29T20:36:51.435266+00:00,58.423734,15.527472666666666,NE
2025-10-29T20:36:52.439320+00:00,58.423748833333335,15.527635666666667,NE
2025-10-29T20:36:53.437378+00:00,58.4237505,15.527796166666667,NE
2025-10-29T20:36:54.440448+00:00,58.4237575,15.5279575,NE
2025-10-29T20:36:55.436462+00:00,58.4237745,15.528132666666666,NE
2025-10-29T20:36:56.438547+00:00,58.42379433333333,15.528279,NE
2025-10-29T20:36:57.438544+00:00,58.42380416666666,15.528447166666666,NE
2025-10-29T20:36:58.437735+00:00,58.423821833333335,15.528601666666667,NE
2025-10-29T20:36:59.435648+00:00,58.42382633333333,15.5287445,NE
2025-10-29T20:37:00.436828+00:00,58.4238455,15.5288995,NE
2025-10-29T20:37:01.435751+00:00,58.4238625,15.529040166666666,NE
2025-10-29T20:37:02.440790+00:00,58.42387083333333,15.529197333333334,NE
2025-10-29T20:37:03.436834+00:00,58.423891166666664,15.529328666666666,NE
2025-10-29T20:37:04.440883+00:00,58.42390416666667,15.5294775,NE
2025-10-29T20:37:05.436943+00:00,58.42392533333334,15.529598333333333,NE
2025-10-29T20:37:06.434971+00:00,58.42393,15.529737333333333,NE
2025-10-29T20:37:07.436032+00:00,58.423944666666664,15.52989,NE
2025-10-29T20:37:08.440288+00:00,58.423956833333335,15.530020333333333,NE
2025-10-29T20:37:09.436126+00:00,58.423981833333336,15.530157166666667,NE
2025-10-29T20:37:10.438174+00:00,58.42400583333333,15.530288833333334,NE
2025-10-29T20:37:11.437227+00:00,58.4240305,15.5304165,NE
2025-10-29T20:37:12.438290+00:00,58.424057166666664,15.5305615,NE
2025-10-29T20:37:13.438302+00:00,58.42408733333333,15.5306865,NE
2025-10-29T20:37:14.440349+00:00,58.424102833333336,15.530818833333333,NE
2025-10-29T20:37:15.438477+00:00,58.424121,15.530948333333333,NE
2025-10-29T20:37:16.438444+00:00,58.42413616666666,15.531086833333333,NE
2025-10-29T20:37:17.433510+00:00,58.424149166666666,15.5312315,NE
2025-10-29T20:37:18.438469+00:00,58.424171666666666,15.531365666666666,NE
2025-10-29T20:37:19.438639+00:00,58.424204833333334,15.5315035,NE
2025-10-29T20:37:20.438818+00:00,58.42423083333333,15.5316465,NE
2025-10-29T20:37:21.435686+00:00,58.42426066666667,15.531791166666666,NE
2025-10-29T20:37:22.440731+00:00,58.424293,15.531923666666668,NE
2025-10-29T20:37:23.440753+00:00,58.42432783333334,15.532079166666666,NE
2025-10-29T20:37:24.438832+00:00,58.424342333333335,15.532225666666667,NE
2025-10-29T20:37:25.442878+00:00,58.4243835,15.532357833333334,NE
2025-10-29T20:37:26.442892+00:00,58.424398,15.5324895,NE
2025-10-29T20:37:27.437007+00:00,58.4244095,15.5326045,NE
2025-10-29T20:37:28.440019+00:00,58.424437833333336,15.532718,NE
2025-10-29T20:37:29.438069+00:00,58.424472333333334,15.532826333333333,NE
2025-10-29T20:37:30.438133+00:00,58.424508,15.532923166666667,NE
2025-10-29T20:37:31.440163+00:00,58.42453716666667,15.533052,NE
2025-10-29T20:37:32.438213+00:00,58.42456683333333,15.533232,NE
2025-10-29T20:37:33.437396+00:00,58.424603,15.533349166666667,NE
2025-10-29T20:37:34.440308+00:00,58.424642166666665,15.533473333333333,NE
2025-10-29T20:37:35.435270+00:00,58.42468983333333,15.533603833333334,NE
2025-10-29T20:37:36.439361+00:00,58.42473416666667,15.5337375,NE
2025-10-29T20:37:37.436447+00:00,58.42478416666667,15.533849333333333,NE
2025-10-29T20:37:38.439500+00:00,58.424835,15.533958666666667,NE
2025-10-29T20:37:39.436548+00:00,58.4248735,15.534084666666667,NE
2025-10-29T20:37:40.438509+00:00,58.424905333333335,15.534212666666667,NE
2025-10-29T20:37:41.438543+00:00,58.42494133333334,15.534341833333333,NE
2025-10-29T20:37:42.440689+00:00,58.42497566666667,15.534469833333333,NE
2025-10-29T20:37:43.438694+00:00,58.4250085,15.534598333333333,NE
2025-10-29T20:37:44.438766+00:00,58.425039,15.5347345,NE
2025-10-29T20:37:45.440787+00:00,58.4250645,15.534877166666666,NE
2025-10-29T20:37:46.434865+00:00,58.425083,15.535019166666666,NE
2025-10-29T20:37:47.438047+00:00,58.425102333333335,15.535155,NE
2025-10-29T20:37:48.440966+00:00,58.425120166666666,15.5352915,NE
2025-10-29T20:37:49.439006+00:00,58.425126666666664,15.535430333333334,NE
2025-10-29T20:37:50.442065+00:00,58.425175333333335,15.535533666666666,NE
2025-10-29T20:37:51.437175+00:00,58.42521,15.535641833333333,NE
2025-10-29T20:37:52.440350+00:00,58.42523883333333,15.535749666666666,NE
2025-10-29T20:37:53.438213+00:00,58.42525933333334,15.535868666666667,NE
2025-10-29T20:37:54.439238+00:00,58.42528566666667,15.535964166666666,NE
2025-10-29T20:37:55.440388+00:00,58.425305,15.536085833333333,NE
2025-10-29T20:37:56.441354+00:00,58.42533566666667,15.5361735,NE
2025-10-29T20:37:57.436393+00:00,58.425359,15.5362755,NE
2025-10-29T20:37:58.439441+00:00,58.4253855,15.536376833333334,NE
2025-10-29T20:37:59.438493+00:00,58.42540366666667,15.536516166666667,NE
2025-10-29T20:38:00.440454+00:00,58.4254305,15.536641833333332,NE
2025-10-29T20:38:07.438878+00:00,58.425649166666666,15.537516166666666,NE
2025-10-29T20:38:08.440942+00:00,58.42560433333333,15.537672166666667,NE
2025-10-29T20:38:09.437111+00:00,58.425701,15.537729333333333,NE
2025-10-29T20:38:10.438011+00:00,58.42572116666667,15.537855666666667,NE
2025-10-29T20:38:11.438068+00:00,58.425747666666666,15.537968333333334,NE
2025-10-29T20:38:12.441110+00:00,58.42578833333334,15.538075333333333,NE
2025-10-29T20:38:14.440414+00:00,58.425789,15.538281166666666,NE
2025-10-29T20:38:15.435250+00:00,58.4258255,15.538361333333333,NE
2025-10-29T20:38:16.439290+00:00,58.42587366666667,15.538423333333334,NE
2025-10-29T20:38:17.437352+00:00,58.425914,15.5385015,NE
2025-10-29T20:38:18.439388+00:00,58.4259445,15.538583,NE
2025-10-29T20:38:19.439441+00:00,58.425981,15.538669166666667,NE
2025-10-29T20:38:20.440406+00:00,58.42600866666667,15.538763666666666,NE
2025-10-29T20:38:21.438545+00:00,58.42603233333333,15.538850833333333,NE
2025-10-29T20:38:22.441590+00:00,58.426053,15.5389495,NE
2025-10-29T20:38:23.437637+00:00,58.42608216666667,15.5390465,NE
2025-10-29T20:38:24.443725+00:00,58.426091166666666,15.539142,NE
2025-10-29T20:38:25.443784+00:00,58.4261055,15.539221,NE
2025-10-29T20:38:26.438751+00:00,58.42612333333334,15.539305166666667,NE
2025-10-29T20:38:27.440810+00:00,58.4261325,15.5393865,NE
2025-10-29T20:38:28.443872+00:00,58.4261535,15.5394745,NE
2025-10-29T20:38:29.438972+00:00,58.426184166666665,15.539563333333334,NE
2025-10-29T20:38:30.442975+00:00,58.4261995,15.539658166666667,NE
2025-10-29T20:38:31.438206+00:00,58.4262165,15.5397385,NE
2025-10-29T20:38:32.441067+00:00,58.4262345,15.539836333333334,NE
2025-10-29T20:38:33.437115+00:00,58.4262515,15.539925833333333,NE
2025-10-29T20:38:34.441175+00:00,58.426281833333334,15.540010833333334,NE
2025-10-29T20:38:35.438214+00:00,58.4262885,15.540108,NE
2025-10-29T20:38:36.439246+00:00,58.4262955,15.540197166666667,NE
2025-10-29T20:38:37.434481+00:00,58.426306333333336,15.540300666666667,NE
2025-10-29T20:38:38.441345+00:00,58.426328,15.540406,NE
2025-10-29T20:38:39.438383+00:00,58.4263495,15.540492166666667,NE
2025-10-29T20:38:40.442430+00:00,58.42636683333333,15.540574666666666,NE
2025-10-29T20:38:41.439471+00:00,58.426382833333335,15.540667833333334,NE
2025-10-29T20:38:42.440519+00:00,58.4264085,15.540766,NE
2025-10-29T20:38:43.439572+00:00,58.42644083333333,15.540852,NE
2025-10-29T20:38:44.441629+00:00,58.42647216666667,15.540948166666666,NE
2025-10-29T20:38:45.438762+00:00,58.42649483333334,15.541047166666667,NE
2025-10-29T20:38:46.445649+00:00,58.42649866666667,15.541117833333333,NE
2025-10-29T20:38:47.442868+00:00,58.42651,15.541198,NE
2025-10-29T20:38:48.442009+00:00,58.426521,15.541292833333333,NE
2025-10-29T20:38:49.440972+00:00,58.426528,15.541396,NE
2025-10-29T20:38:50.442906+00:00,58.4265405,15.541484833333334,NE
2025-10-29T20:38:51.438969+00:00,58.426521666666666,15.541618666666666,NE
2025-10-29T20:38:52.443084+00:00,58.426530166666666,15.54172,NE
2025-10-29T20:38:53.441180+00:00,58.42655083333333,15.5418195,NE
2025-10-29T20:38:54.443119+00:00,58.4265555,15.541940833333333,NE
2025-10-29T20:38:55.439165+00:00,58.426552666666666,15.542070833333334,NE
2025-10-29T20:38:56.442206+00:00,58.42656566666667,15.542188166666667,NE
2025-10-29T20:38:57.441265+00:00,58.42658433333333,15.542295666666666,NE
2025-10-29T20:38:58.440257+00:00,58.426585833333334,15.542421666666666,NE
2025-10-29T20:38:59.439351+00:00,58.4266125,15.542530333333334,NE
2025-10-29T20:39:00.440381+00:00,58.42663183333333,15.542648666666667,NE
2025-10-29T20:39:01.436421+00:00,58.426644333333336,15.5427655,NE
2025-10-29T20:39:02.440595+00:00,58.426656,15.542873333333333,NE
2025-10-29T20:39:03.439513+00:00,58.42666166666667,15.543004333333334,NE
2025-10-29T20:39:04.439573+00:00,58.42667433333333,15.543124333333333,NE
2025-10-29T20:39:05.438617+00:00,58.42667433333333,15.5432505,NE
2025-10-29T20:39:06.438661+00:00,58.426675333333336,15.5433715,NE
2025-10-29T20:39:07.438705+00:00,58.4266735,15.543486833333333,NE
2025-10-29T20:39:08.441681+00:00,58.42667183333333,15.543607833333333,NE
2025-10-29T20:39:09.438809+00:00,58.426674166666665,15.543733833333333,NE
2025-10-29T20:39:10.440845+00:00,58.426672333333336,15.5438585,NE
2025-10-29T20:39:11.438902+00:00,58.426673666666666,15.543994333333334,NE
2025-10-29T20:39:12.440939+00:00,58.426677,15.544132333333334,NE
2025-10-29T20:39:13.437013+00:00,58.42668166666667,15.544272333333334,NE
2025-10-29T20:39:14.439964+00:00,58.42668166666667,15.544399833333333,NE
2025-10-29T20:39:15.439093+00:00,58.426695333333335,15.544526,NE
2025-10-29T20:39:16.439141+00:00,58.426697,15.5446715,NE
2025-10-29T20:39:17.437198+00:00,58.426699166666666,15.544799,NE
2025-10-29T20:39:18.439202+00:00,58.426698,15.544897333333333,NE
2025-10-29T20:39:19.441257+00:00,58.426689833333334,15.545005333333334,NE
2025-10-29T20:39:20.442322+00:00,58.426678,15.545123666666667,NE
2025-10-29T20:39:21.439456+00:00,58.42667183333333,15.545244333333333,NE
2025-10-29T20:39:22.441424+00:00,58.42665516666667,15.545354666666666,NE
2025-10-29T20:39:23.443598+00:00,58.42663916666667,15.545491166666666,NE
2025-10-29T20:39:24.439517+00:00,58.42663566666667,15.545627333333334,NE
2025-10-29T20:39:25.439540+00:00,58.42662883333333,15.545746333333334,NE
2025-10-29T20:39:26.442696+00:00,58.42661733333333,15.545865166666667,NE
2025-10-29T20:39:27.441704+00:00,58.42661916666667,15.545989166666667,NE
2025-10-29T20:39:28.441673+00:00,58.42662516666667,15.546113333333333,NE
2025-10-29T20:39:29.442734+00:00,58.4266305,15.546215,NE
2025-10-29T20:39:30.440700+00:00,58.426625333333334,15.546329,NE
2025-10-29T20:39:31.438838+00:00,58.426624833333335,15.546441833333333,NE
2025-10-29T20:39:32.438871+00:00,58.426616,15.546536,NE
2025-10-29T20:39:33.440916+00:00,58.4266065,15.546614666666667,NE
2025-10-29T20:39:34.440967+00:00,58.426605,15.546703,NE
2025-10-29T20:39:35.434119+00:00,58.426601833333336,15.546762666666666,NE
2025-10-29T20:39:36.441083+00:00,58.426596333333336,15.546844,NE
2025-10-29T20:39:37.437133+00:00,58.426594333333334,15.546944166666666,NE
2025-10-29T20:39:38.441287+00:00,58.4265905,15.547024,NE
2025-10-29T20:39:39.441236+00:00,58.426585833333334,15.5471475,NE
2025-10-29T20:39:40.440400+00:00,58.4265795,15.547221333333333,NE
2025-10-29T20:39:41.438524+00:00,58.42657716666667,15.547422,NE
2025-10-29T20:39:42.439356+00:00,58.426578666666664,15.547656833333333,NE
2025-10-29T20:39:43.441439+00:00,58.426564666666664,15.547774833333333,NE
2025-10-29T20:39:44.438585+00:00,58.42656866666667,15.547925666666666,NE
2025-10-29T20:39:45.440593+00:00,58.426566333333334,15.548103666666666,NE
2025-10-29T20:39:46.439568+00:00,58.426561166666666,15.548269166666667,NE
2025-10-29T20:39:47.439808+00:00,58.4265625,15.548405833333334,NE
2025-10-29T20:39:48.439666+00:00,58.426543833333334,15.548559166666667,NE
2025-10-29T20:39:49.439715+00:00,58.42653416666667,15.548692666666666,NE
2025-10-29T20:39:50.443757+00:00,58.426527666666665,15.548784833333333,NE
2025-10-29T20:39:51.437825+00:00,58.42651983333333,15.548875666666667,NE
2025-10-29T20:39:52.438763+00:00,58.426514833333336,15.549006166666667,NE
2025-10-29T20:39:53.436071+00:00,58.4265075,15.549116166666666,NE
2025-10-29T20:39:54.440937+00:00,58.42646933333333,15.549201666666667,NE
2025-10-29T20:39:55.439013+00:00,58.426457166666665,15.54932,NE
2025-10-29T20:39:56.442194+00:00,58.426430833333335,15.549411666666666,NE
2025-10-29T20:39:57.439085+00:00,58.426419333333335,15.549500166666666,NE
2025-10-29T20:39:58.439110+00:00,58.4264085,15.549635,NE
2025-10-29T20:39:59.437200+00:00,58.42640933333333,15.549769333333334,NE
2025-10-29T20:40:00.442236+00:00,58.42640266666667,15.549860333333333,NE
2025-10-29T20:40:01.437212+00:00,58.426362166666664,15.549662333333334,NE
2025-10-29T20:40:02.444348+00:00,58.42633983333333,15.549773,NE
2025-10-29T20:40:03.435570+00:00,58.42632316666667,15.549839,NE
2025-10-29T20:40:04.436429+00:00,58.426312333333335,15.549932166666666,NE
2025-10-29T20:40:05.436503+00:00,58.426294,15.550030166666666,NE
2025-10-29T20:40:06.438649+00:00,58.426278833333335,15.550168833333334,NE
2025-10-29T20:40:07.437573+00:00,58.42626633333333,15.550306166666667,NE
2025-10-29T20:40:08.438610+00:00,58.426248,15.5503845,NE
2025-10-29T20:40:09.436577+00:00,58.4262305,15.5505045,NE
2025-10-29T20:40:10.440770+00:00,58.4262185,15.550651166666666,NE
2025-10-29T20:40:11.435749+00:00,58.4262075,15.550798833333333,NE
2025-10-29T20:40:12.438810+00:00,58.426187,15.550901666666666,NE
2025-10-29T20:40:13.437851+00:00,58.426158,15.550988333333333,NE
2025-10-29T20:40:14.439090+00:00,58.426131,15.551114666666667,NE
2025-10-29T20:40:15.432951+00:00,58.4261055,15.551252666666667,NE
2025-10-29T20:40:16.437060+00:00,58.426074,15.551365166666667,NE
2025-10-29T20:40:17.439124+00:00,58.42605266666666,15.551420166666666,NE
2025-10-29T20:40:18.439075+00:00,58.42603733333333,15.551517333333333,NE
2025-10-29T20:40:19.439079+00:00,58.42602433333333,15.551652,NE
2025-10-29T20:40:20.439180+00:00,58.42600383333333,15.551760333333334,NE
2025-10-29T20:40:21.439197+00:00,58.42597933333333,15.551843833333333,NE
2025-10-29T20:40:22.439266+00:00,58.42596566666667,15.551961,NE
2025-10-29T20:40:23.438459+00:00,58.425956666666664,15.552134666666667,NE
2025-10-29T20:40:24.439406+00:00,58.425941,15.552288666666668,NE
2025-10-29T20:40:25.443451+00:00,58.425914166666665,15.5523765,NE
2025-10-29T20:40:26.437562+00:00,58.42590233333333,15.552460833333333,NE
2025-10-29T20:40:27.441529+00:00,58.42588383333333,15.5525765,NE
2025-10-29T20:40:28.439572+00:00,58.425913666666666,15.553319666666667,NE
2025-10-29T20:40:29.438609+00:00,58.425922,15.553765833333333,NE
2025-10-29T20:40:30.437666+00:00,58.42591683333333,15.554102333333333,NE
2025-10-29T20:40:31.433702+00:00,58.42590783333333,15.554216666666667,NE
2025-10-29T20:40:32.436751+00:00,58.425915333333336,15.554498,NE
2025-10-29T20:40:33.433802+00:00,58.425911,15.554729833333333,NE
2025-10-29T20:40:34.439851+00:00,58.4258855,15.554919333333334,NE
2025-10-29T20:40:35.435895+00:00,58.4258715,15.555079,NE
2025-10-29T20:40:36.437022+00:00,58.425862,15.555213833333333,NE
2025-10-29T20:40:37.438913+00:00,58.425843,15.555341833333333,NE
2025-10-29T20:40:38.439012+00:00,58.425834333333334,15.555456166666668,NE
2025-10-29T20:40:39.437155+00:00,58.425824166666665,15.555547666666667,NE
2025-10-29T20:40:40.437326+00:00,58.425821166666665,15.555636,NE
2025-10-29T20:40:41.436251+00:00,58.42581466666667,15.555717833333333,NE
2025-10-29T20:40:42.437253+00:00,58.42580066666667,15.555824833333334,NE
2025-10-29T20:40:43.438443+00:00,58.425796166666665,15.555928,NE
2025-10-29T20:40:44.435384+00:00,58.425798,15.5560325,NE
2025-10-29T20:40:45.435570+00:00,58.42580183333333,15.556123333333334,NE
2025-10-29T20:40:46.440504+00:00,58.425783,15.556217333333333,NE
2025-10-29T20:40:47.439435+00:00,58.425782166666664,15.556325666666666,NE
2025-10-29T20:40:48.438492+00:00,58.42576616666667,15.556380333333333,NE
2025-10-29T20:40:49.435738+00:00,58.425765166666665,15.556461333333333,NE
2025-10-29T20:40:50.437576+00:00,58.42576433333333,15.5565635,NE
2025-10-29T20:40:51.436590+00:00,58.42575983333333,15.5566745,NE
2025-10-29T20:40:58.446057+00:00,58.425687333333336,15.557377333333333,NE
2025-10-29T20:40:59.439084+00:00,58.4256425,15.557478333333334,NE
2025-10-29T20:41:00.441254+00:00,58.425631,15.557586,NE
2025-10-29T20:41:01.439122+00:00,58.4255995,15.5577115,NE
2025-10-29T20:41:02.439185+00:00,58.425585833333336,15.557806333333334,NE
2025-10-29T20:41:03.436226+00:00,58.425558333333335,15.557891,NE
2025-10-29T20:41:04.439275+00:00,58.4255245,15.557966166666667,NE
2025-10-29T20:41:05.435309+00:00,58.42551433333333,15.5580475,NE
2025-10-29T20:41:06.439388+00:00,58.42550116666666,15.558156666666667,NE
2025-10-29T20:41:07.435430+00:00,58.425484166666664,15.558257,NE
2025-10-29T20:41:08.437646+00:00,58.42547066666667,15.558366,NE
2025-10-29T20:41:09.436522+00:00,58.42546166666666,15.558464333333333,NE
2025-10-29T20:41:10.438554+00:00,58.425451333333335,15.5586765,NE
2025-10-29T20:41:11.436714+00:00,58.4254385,15.558846166666667,NE
2025-10-29T20:41:12.439660+00:00,58.425431833333334,15.559006166666666,NE
2025-10-29T20:41:13.433700+00:00,58.425419,15.559151833333333,NE
2025-10-29T20:41:14.437761+00:00,58.42540233333333,15.559280666666666,NE
2025-10-29T20:41:15.435879+00:00,58.42539416666666,15.559408666666666,NE
2025-10-29T20:41:16.439762+00:00,58.42538583333334,15.5595505,NE
2025-10-29T20:41:17.435898+00:00,58.42538583333334,15.559696166666667,NE
2025-10-29T20:41:18.437952+00:00,58.42539633333333,15.559838666666666,NE
2025-10-29T20:41:21.436273+00:00,58.425372833333334,15.5602025,NE
2025-10-29T20:41:22.439100+00:00,58.42535316666667,15.560334333333333,NE
2025-10-29T20:41:24.439216+00:00,58.425288,15.560588333333333,NE
2025-10-29T20:41:25.436279+00:00,58.425300166666666,15.560707833333334,NE
2025-10-29T20:41:26.437363+00:00,58.425278666666664,15.560794166666666,NE
2025-10-29T20:41:27.441540+00:00,58.42527583333333,15.560905,NE
2025-10-29T20:41:28.438554+00:00,58.425246,15.561006666666668,NE
2025-10-29T20:41:29.437480+00:00,58.42521583333333,15.561108666666666,NE
2025-10-29T20:41:30.437499+00:00,58.42520233333333,15.561248333333333,NE
2025-10-29T20:41:31.431708+00:00,58.42519266666667,15.561395666666666,NE
2025-10-29T20:41:32.435643+00:00,58.42518833333333,15.561535166666667,NE
2025-10-29T20:41:33.434634+00:00,58.42518233333333,15.561668833333334,NE
2025-10-29T20:41:34.436713+00:00,58.425169833333335,15.5617965,NE
2025-10-29T20:41:35.436713+00:00,58.425169833333335,15.5619335,NE
2025-10-29T20:41:36.436831+00:00,58.42516766666667,15.562061666666667,NE
2025-10-29T20:41:37.436776+00:00,58.42515816666667,15.562187,NE
2025-10-29T20:41:38.438873+00:00,58.425146,15.562301833333333,NE
2025-10-29T20:41:39.435897+00:00,58.4251365,15.562425333333334,NE
2025-10-29T20:41:40.439032+00:00,58.42512816666667,15.562525,NE
2025-10-29T20:41:41.435033+00:00,58.4251135,15.562632833333334,NE
2025-10-29T20:41:42.434048+00:00,58.425108,15.562740166666666,NE
2025-10-29T20:41:43.439115+00:00,58.42510083333333,15.562857166666667,NE
2025-10-29T20:41:44.436180+00:00,58.42509016666666,15.562962166666667,NE
2025-10-29T20:41:45.435329+00:00,58.425086666666665,15.563055166666667,NE
2025-10-29T20:41:46.439236+00:00,58.4250725,15.563149333333334,NE
2025-10-29T20:41:47.436392+00:00,58.425054,15.563254,NE
2025-10-29T20:41:48.437424+00:00,58.42505083333333,15.5633635,NE
2025-10-29T20:41:49.439402+00:00,58.425040333333335,15.563468666666667,NE
2025-10-29T20:41:50.438486+00:00,58.425024,15.563561,NE
2025-10-29T20:41:51.438511+00:00,58.425011166666664,15.5636385,NE
2025-10-29T20:41:52.439553+00:00,58.4250145,15.5637155,NE
2025-10-29T20:41:53.432585+00:00,58.425005166666665,15.563822166666666,NE
2025-10-29T20:41:54.441569+00:00,58.4250045,15.563908,NE
2025-10-29T20:41:55.435699+00:00,58.424989,15.5640205,NE
2025-10-29T20:41:56.436747+00:00,58.424982166666666,15.564104833333333,NE
2025-10-29T20:41:57.436771+00:00,58.42497633333333,15.564211833333333,NE
2025-10-29T20:41:58.438964+00:00,58.42497016666667,15.564306333333333,NE
2025-10-29T20:41:59.436011+00:00,58.42495783333333,15.564407,NE
2025-10-29T20:42:00.435908+00:00,58.424941833333335,15.564520666666667,NE
2025-10-29T20:42:01.435992+00:00,58.424878666666665,15.5645965,NE
2025-10-29T20:42:02.443027+00:00,58.424837,15.564718333333333,NE
2025-10-29T20:42:03.435072+00:00,58.42481766666667,15.564816833333333,NE
2025-10-29T20:42:04.439013+00:00,58.4248165,15.5648915,NE
2025-10-29T20:42:05.436063+00:00,58.42482116666667,15.5649995,NE
2025-10-29T20:42:06.437115+00:00,58.42479733333333,15.565105666666666,NE
2025-10-29T20:42:07.433430+00:00,58.424793,15.565284333333333,NE
2025-10-29T20:42:08.437347+00:00,58.424777,15.565408833333333,NE
2025-10-29T20:42:09.434344+00:00,58.42477566666667,15.565529333333334,NE
2025-10-29T20:42:10.434515+00:00,58.424785,15.565675,NE
2025-10-29T20:42:11.432473+00:00,58.424750333333336,15.5657355,NE
2025-10-29T20:42:12.437613+00:00,58.42472183333334,15.565783166666666,NE
2025-10-29T20:42:13.435517+00:00,58.424705833333334,15.5658605,NE
2025-10-29T20:42:14.438561+00:00,58.424663833333334,15.565892166666666,NE
2025-10-29T20:42:15.436662+00:00,58.424625166666665,15.5660095,NE
2025-10-29T20:42:16.436711+00:00,58.4246205,15.566126833333334,NE
2025-10-29T20:42:17.433730+00:00,58.4246075,15.566256333333333,NE
2025-10-29T20:42:18.435791+00:00,58.42459683333333,15.566358833333334,NE
2025-10-29T20:42:19.434815+00:00,58.42460333333333,15.566488333333334,NE
2025-10-29T20:42:20.435858+00:00,58.424593333333334,15.566580333333333,NE
2025-10-29T20:42:21.433870+00:00,58.4245915,15.566666833333333,NE
2025-10-29T20:42:22.435982+00:00,58.424589,15.566784166666666,NE
2025-10-29T20:42:23.435974+00:00,58.424598333333336,15.566887666666666,NE
2025-10-29T20:42:24.437059+00:00,58.424612833333335,15.567033166666667,NE
2025-10-29T20:42:25.438104+00:00,58.42465283333333,15.567219833333333,NE
2025-10-29T20:42:26.440128+00:00,58.424676833333336,15.567398333333333,NE
2025-10-29T20:42:27.437373+00:00,58.42466616666667,15.567549166666666,NE
2025-10-29T20:42:28.439173+00:00,58.424687,15.567664833333334,NE
2025-10-29T20:42:29.441303+00:00,58.42468916666667,15.567793,NE
2025-10-29T20:42:30.438528+00:00,58.424699333333336,15.567921833333333,NE
2025-10-29T20:42:31.436404+00:00,58.42471066666667,15.568059833333333,NE
2025-10-29T20:42:32.437489+00:00,58.42472433333333,15.568203833333333,NE
2025-10-29T20:42:33.432497+00:00,58.424727,15.568323,NE
2025-10-29T20:42:34.438539+00:00,58.42473,15.568403666666667,NE
2025-10-29T20:42:35.434581+00:00,58.424696833333336,15.5684995,NE
2025-10-29T20:42:36.438636+00:00,58.42467883333333,15.5685655,NE
2025-10-29T20:42:37.435659+00:00,58.424683,15.568639666666666,NE
2025-10-29T20:42:38.435888+00:00,58.424724,15.568691166666667,NE
2025-10-29T20:42:39.434742+00:00,58.424697,15.568724333333334,NE
2025-10-29T20:42:40.433798+00:00,58.4246815,15.568760833333334,NE
2025-10-29T20:42:41.436845+00:00,58.42469216666667,15.5688235,NE
2025-10-29T20:42:42.437898+00:00,58.4246805,15.5688545,NE
2025-10-29T20:42:43.436946+00:00,58.42467333333333,15.568870166666667,NE
2025-10-29T20:42:44.435982+00:00,58.4246745,15.568914166666667,NE
2025-10-29T20:42:45.434025+00:00,58.42466183333333,15.568967666666667,NE
2025-10-29T20:42:46.437134+00:00,58.424558166666664,15.568972333333333,NE
2025-10-29T20:42:47.436289+00:00,58.424496833333336,15.5690295,NE
2025-10-29T20:42:48.439227+00:00,58.4244535,15.569085333333334,NE
2025-10-29T20:42:49.436188+00:00,58.424411,15.569141666666667,NE
2025-10-29T20:42:50.437522+00:00,58.42436516666667,15.569205833333333,NE
2025-10-29T20:42:51.432330+00:00,58.42428566666667,15.569287,NE
2025-10-29T20:42:52.436580+00:00,58.424237833333336,15.569354833333334,NE
2025-10-29T20:43:10.438263+00:00,58.42351583333333,15.570630166666668,NE
2025-10-29T20:43:11.436359+00:00,58.423492,15.570719666666667,NE
2025-10-29T20:43:14.438532+00:00,58.42341233333333,15.570927,NE
2025-10-29T20:43:15.432532+00:00,58.423395,15.570996,NE
2025-10-29T20:43:16.436626+00:00,58.4233745,15.571068,NE
2025-10-29T20:43:17.432605+00:00,58.42335516666667,15.571100666666666,NE
2025-10-29T20:43:18.438725+00:00,58.4233365,15.571163833333333,NE
2025-10-29T20:43:19.434880+00:00,58.423305666666664,15.571207666666666,NE
2025-10-29T20:43:20.433697+00:00,58.423285,15.571209333333334,NE
2025-10-29T20:43:21.435764+00:00,58.423269,15.571239,NE
2025-10-29T20:43:22.439857+00:00,58.42324083333333,15.571680333333333,NE
2025-10-29T20:43:23.435895+00:00,58.4232235,15.5718835,NE
2025-10-29T20:43:24.435958+00:00,58.423213,15.572043166666667,NE
2025-10-29T20:43:25.434992+00:00,58.42320083333333,15.572193333333333,NE
2025-10-29T20:43:26.437213+00:00,58.423173166666665,15.572272666666667,NE
2025-10-29T20:43:27.442078+00:00,58.4231555,15.572335333333333,NE
2025-10-29T20:43:28.437289+00:00,58.42313,15.572399,NE
2025-10-29T20:43:29.435265+00:00,58.4230995,15.572441333333334,NE
2025-10-29T20:43:30.438224+00:00,58.4230735,15.572488333333334,NE
2025-10-29T20:43:31.435272+00:00,58.423042333333335,15.572546666666666,NE
2025-10-29T20:43:32.437332+00:00,58.42301116666667,15.572666166666666,NE
2025-10-29T20:43:33.438283+00:00,58.4229705,15.572708333333333,NE
2025-10-29T20:43:34.441472+00:00,58.4229315,15.57272,NE
2025-10-29T20:43:35.436426+00:00,58.422896,15.572788333333333,NE
2025-10-29T20:43:36.439467+00:00,58.42285966666667,15.572813166666666,NE
2025-10-29T20:43:37.439521+00:00,58.422831,15.572977833333333,NE
2025-10-29T20:43:38.436617+00:00,58.422812666666665,15.573155166666666,NE
2025-10-29T20:43:39.439651+00:00,58.422785166666664,15.573261666666667,NE
2025-10-29T20:43:40.437699+00:00,58.42275566666667,15.573387166666667,NE
2025-10-29T20:43:41.434835+00:00,58.4227115,15.573486666666666,NE
2025-10-29T20:43:42.435829+00:00,58.4226935,15.573607166666667,NE
2025-10-29T20:43:43.439838+00:00,58.422664166666664,15.573704166666667,NE
2025-10-29T20:43:44.437038+00:00,58.4226465,15.573799,NE
2025-10-29T20:43:45.435940+00:00,58.4226215,15.573925666666666,NE
2025-10-29T20:43:46.438904+00:00,58.42259,15.5740575,NE
2025-10-29T20:43:47.437054+00:00,58.4225615,15.574162166666667,NE
2025-10-29T20:43:48.439132+00:00,58.42253433333333,15.574265833333333,NE
2025-10-29T20:43:49.433120+00:00,58.422505666666666,15.574383833333334,NE
2025-10-29T20:43:50.440309+00:00,58.422474333333334,15.574496666666667,NE
2025-10-29T20:43:51.435206+00:00,58.42244733333333,15.574636666666667,NE
2025-10-29T20:43:52.440326+00:00,58.422423333333334,15.574750333333334,NE
2025-10-29T20:43:53.439325+00:00,58.42239716666667,15.574909333333334,NE
2025-10-29T20:43:54.438365+00:00,58.422382666666664,15.575020166666667,NE
2025-10-29T20:43:55.444437+00:00,58.42238716666667,15.5751425,NE
2025-10-29T20:43:56.439472+00:00,58.4223855,15.575261666666666,NE
2025-10-29T20:43:57.431681+00:00,58.4223645,15.5753575,NE
2025-10-29T20:43:58.436546+00:00,58.422345166666666,15.575457666666667,NE
2025-10-29T20:43:59.433612+00:00,58.422322,15.5755545,NE
2025-10-29T20:44:00.431660+00:00,58.42229433333333,15.575661333333333,NE
2025-10-29T20:44:01.433725+00:00,58.422262833333335,15.575767333333333,NE
2025-10-29T20:44:02.436746+00:00,58.42222916666667,15.575873833333333,NE
2025-10-29T20:44:03.435843+00:00,58.42220966666667,15.575996333333334,NE
2025-10-29T20:44:04.434835+00:00,58.42218283333333,15.576114833333333,NE
2025-10-29T20:44:05.436883+00:00,58.42215983333333,15.576227,NE
2025-10-29T20:44:06.435906+00:00,58.422132,15.576313166666667,NE
2025-10-29T20:44:07.433981+00:00,58.4221145,15.576409666666667,NE
2025-10-29T20:44:08.435027+00:00,58.422087833333336,15.576504333333334,NE
2025-10-29T20:44:09.436135+00:00,58.42206633333333,15.576613666666667,NE
2025-10-29T20:44:10.434125+00:00,58.42204683333333,15.576720833333333,NE
2025-10-29T20:44:11.431356+00:00,58.42203466666667,15.576843833333333,NE
2025-10-29T20:44:12.434337+00:00,58.422013166666666,15.576934833333333,NE
2025-10-29T20:44:13.432377+00:00,58.42198583333333,15.577029333333334,NE
2025-10-29T20:44:14.436331+00:00,58.421961833333334,15.577113,NE
2025-10-29T20:44:15.434365+00:00,58.42193833333333,15.577194666666667,NE
2025-10-29T20:44:16.437424+00:00,58.421909,15.5772725,NE
2025-10-29T20:44:17.435649+00:00,58.42188483333333,15.577356333333332,NE
2025-10-29T20:44:18.434554+00:00,58.421867166666665,15.577458666666667,NE
2025-10-29T20:44:19.436680+00:00,58.42184683333333,15.5775495,NE
2025-10-29T20:44:20.436603+00:00,58.421823333333336,15.577633166666667,NE
2025-10-29T20:44:21.436675+00:00,58.421802666666665,15.577729,NE
2025-10-29T20:44:22.435761+00:00,58.42178216666667,15.577821,NE
2025-10-29T20:44:23.434750+00:00,58.42176033333333,15.577905166666667,NE
2025-10-29T20:44:24.437793+00:00,58.42173583333334,15.577975166666667,NE
2025-10-29T20:44:25.435916+00:00,58.4217095,15.578051833333333,NE
2025-10-29T20:44:26.437081+00:00,58.421700666666666,15.578148,NE
2025-10-29T20:44:27.436949+00:00,58.421681,15.57823,NE
2025-10-29T20:44:28.437976+00:00,58.42166566666667,15.578320166666666,NE
2025-10-29T20:44:29.433078+00:00,58.421646,15.578394833333334,NE
2025-10-29T20:44:30.439080+00:00,58.421629,15.578477833333332,NE
2025-10-29T20:44:31.435154+00:00,58.421613,15.578578166666667,NE
2025-10-29T20:44:32.437189+00:00,58.42159566666667,15.578662666666666,NE
2025-10-29T20:44:33.437429+00:00,58.42158233333333,15.578752,NE
2025-10-29T20:44:34.438258+00:00,58.42156416666667,15.578839333333333,NE
2025-10-29T20:44:35.436317+00:00,58.4215535,15.5789375,NE
2025-10-29T20:44:36.436351+00:00,58.42154016666667,15.579035,NE
2025-10-29T20:44:37.437406+00:00,58.421526166666666,15.579126333333333,NE
2025-10-29T20:44:38.437432+00:00,58.421511,15.579216166666667,NE
2025-10-29T20:44:39.435656+00:00,58.42150183333333,15.579313833333334,NE
2025-10-29T20:44:40.433596+00:00,58.4214915,15.579409,NE
2025-10-29T20:44:41.434777+00:00,58.421479833333336,15.579503666666668,NE
2025-10-29T20:44:42.435727+00:00,58.421467166666666,15.5795935,NE
2025-10-29T20:44:43.439742+00:00,58.42145983333333,15.579693,NE
2025-10-29T20:44:44.439891+00:00,58.42145383333333,15.579796666666667,NE
2025-10-29T20:44:45.437774+00:00,58.42144033333334,15.5798855,NE
2025-10-29T20:44:46.439773+00:00,58.4214285,15.5799715,NE
2025-10-29T20:44:47.435885+00:00,58.421419,15.580066666666667,NE
2025-10-29T20:44:48.437881+00:00,58.42140716666667,15.5801625,NE
2025-10-29T20:44:49.437185+00:00,58.421391166666666,15.580247333333332,NE
2025-10-29T20:44:50.438969+00:00,58.421376333333335,15.580325166666666,NE
2025-10-29T20:44:51.435037+00:00,58.42136566666667,15.580415333333333,NE
2025-10-29T20:44:52.438084+00:00,58.42135866666667,15.580511833333333,NE
2025-10-29T20:44:53.436167+00:00,58.42135183333333,15.580603166666666,NE
2025-10-29T20:44:54.440210+00:00,58.42134716666666,15.580699833333334,NE
2025-10-29T20:44:55.437224+00:00,58.421339333333336,15.5807865,NE
2025-10-29T20:44:56.437300+00:00,58.421333,15.580877666666666,NE
2025-10-29T20:44:57.437343+00:00,58.42132316666667,15.580973833333333,NE
2025-10-29T20:44:58.436355+00:00,58.421314333333335,15.581048333333333,NE
2025-10-29T20:44:59.436411+00:00,58.42130383333333,15.581143833333334,NE
2025-10-29T20:45:00.438491+00:00,58.42129216666667,15.581244833333333,NE
2025-10-29T20:45:01.436576+00:00,58.4212825,15.581337833333333,NE
2025-10-29T20:45:02.443770+00:00,58.421273166666666,15.581436833333333,NE
2025-10-29T20:45:03.437565+00:00,58.421262666666664,15.581529333333334,NE
2025-10-29T20:45:04.437759+00:00,58.42126783333333,15.581644666666667,NE
2025-10-29T20:45:05.439627+00:00,58.42126366666667,15.581755166666667,NE
2025-10-29T20:45:06.439770+00:00,58.42126416666667,15.581873333333334,NE
2025-10-29T20:45:07.436748+00:00,58.421262,15.581982166666666,NE
2025-10-29T20:45:08.438995+00:00,58.42126666666667,15.582114333333333,NE
2025-10-29T20:45:09.433891+00:00,58.421260833333335,15.582225,NE
2025-10-29T20:45:10.439923+00:00,58.421261666666666,15.582348333333334,NE
2025-10-29T20:45:11.436984+00:00,58.42126016666667,15.582477166666667,NE
2025-10-29T20:45:12.439040+00:00,58.42125716666666,15.5826055,NE
2025-10-29T20:45:13.435089+00:00,58.421248166666665,15.582713666666667,NE
2025-10-29T20:45:14.438204+00:00,58.42124716666667,15.582833333333333,NE
2025-10-29T20:45:15.435181+00:00,58.42124883333334,15.582972166666666,NE
2025-10-29T20:45:16.438237+00:00,58.421246,15.583109166666667,NE
2025-10-29T20:45:17.436286+00:00,58.421245666666664,15.583239166666667,NE
2025-10-29T20:45:18.438328+00:00,58.4212515,15.583366333333334,NE
2025-10-29T20:45:19.436389+00:00,58.42125766666667,15.583495,NE
2025-10-29T20:45:20.435439+00:00,58.42126533333333,15.583621666666666,NE
2025-10-29T20:45:21.437497+00:00,58.42127383333333,15.583753333333334,NE
2025-10-29T20:45:22.440523+00:00,58.42127716666667,15.583889166666667,NE
2025-10-29T20:45:23.437505+00:00,58.421274833333335,15.5840235,NE
2025-10-29T20:45:24.441539+00:00,58.4212795,15.584161,NE
2025-10-29T20:45:25.437900+00:00,58.4212785,15.584292,NE
2025-10-29T20:45:26.437842+00:00,58.4212855,15.584423666666666,NE
2025-10-29T20:45:27.436782+00:00,58.421285166666664,15.584558333333334,NE
2025-10-29T20:45:28.439908+00:00,58.42128966666667,15.584692833333333,NE
2025-10-29T20:45:29.438862+00:00,58.421291333333336,15.584824,NE
2025-10-29T20:45:30.438900+00:00,58.421292666666666,15.584953833333334,NE
2025-10-29T20:45:31.434940+00:00,58.42129383333333,15.585083333333333,NE
2025-10-29T20:45:32.437200+00:00,58.42129283333333,15.585214,NE
2025-10-29T20:45:33.436050+00:00,58.42129933333333,15.585340166666667,NE
2025-10-29T20:45:34.437322+00:00,58.421308333333336,15.585465,NE
2025-10-29T20:45:35.439139+00:00,58.42131783333333,15.585586,NE
2025-10-29T20:45:36.440185+00:00,58.421327,15.585703833333334,NE
2025-10-29T20:45:37.436276+00:00,58.421334333333334,15.585820833333333,NE
2025-10-29T20:45:38.436278+00:00,58.42134083333333,15.585931,NE
2025-10-29T20:45:39.437394+00:00,58.421351666666666,15.586037833333334,NE
2025-10-29T20:45:40.439393+00:00,58.42135966666667,15.586129833333333,NE
2025-10-29T20:45:41.437539+00:00,58.42136216666667,15.586205333333334,NE
2025-10-29T20:45:42.438471+00:00,58.421351333333334,15.586266333333333,NE
2025-10-29T20:45:43.439546+00:00,58.4213345,15.586315666666666,NE
2025-10-29T20:45:44.441582+00:00,58.421314333333335,15.5863685,NE
2025-10-29T20:45:45.438553+00:00,58.42128233333333,15.58641,NE
2025-10-29T20:45:46.442592+00:00,58.42124333333334,15.586423666666667,NE
2025-10-29T20:45:47.438906+00:00,58.421193833333334,15.586437166666666,NE
2025-10-29T20:45:48.438911+00:00,58.42114383333333,15.586458,NE
2025-10-29T20:45:49.435951+00:00,58.421090666666665,15.586483333333334,NE
2025-10-29T20:45:50.438919+00:00,58.42104366666667,15.586502166666667,NE
2025-10-29T20:45:51.437086+00:00,58.4209985,15.586540666666666,NE
2025-10-29T20:45:52.437964+00:00,58.42095666666667,15.586543833333334,NE
2025-10-29T20:45:53.438075+00:00,58.42090566666667,15.586565333333333,NE
2025-10-29T20:45:54.439134+00:00,58.42086033333333,15.586585666666666,NE
2025-10-29T20:45:55.438219+00:00,58.42080966666666,15.586625333333334,NE
2025-10-29T20:45:56.439153+00:00,58.420753500000004,15.5866465,NE
2025-10-29T20:45:57.437222+00:00,58.42070483333333,15.586686166666667,NE
2025-10-29T20:45:58.437266+00:00,58.42066916666667,15.5867115,NE
2025-10-29T20:45:59.435371+00:00,58.42063066666667,15.586749166666667,NE
2025-10-29T20:46:00.433356+00:00,58.4205915,15.5867495,NE
2025-10-29T20:46:01.434379+00:00,58.42055633333333,15.586766666666668,NE
2025-10-29T20:46:02.438509+00:00,58.4205005,15.586769166666667,NE
2025-10-29T20:46:03.434514+00:00,58.42046466666667,15.586741333333332,NE
2025-10-29T20:46:04.436527+00:00,58.420433,15.586716166666667,NE
2025-10-29T20:46:05.434571+00:00,58.420401,15.586665666666667,NE
2025-10-29T20:46:06.435618+00:00,58.4203735,15.586617666666667,NE
2025-10-29T20:46:07.431773+00:00,58.42034066666667,15.586562666666667,NE
2025-10-29T20:46:08.440612+00:00,58.420271666666665,15.586497666666666,NE
2025-10-29T20:46:13.435947+00:00,58.42009983333333,15.586346166666667,NE
2025-10-29T20:46:14.439984+00:00,58.42008166666667,15.586284833333334,NE
2025-10-29T20:46:15.437181+00:00,58.420047,15.586197,NE
2025-10-29T20:46:16.441151+00:00,58.4199955,15.586105,NE
2025-10-29T20:46:17.439126+00:00,58.41997516666667,15.586065833333333,NE
2025-10-29T20:46:18.437182+00:00,58.41994433333333,15.585972666666667,NE
2025-10-29T20:46:19.437230+00:00,58.4199135,15.585908,NE
2025-10-29T20:46:20.439275+00:00,58.4198825,15.585859833333334,NE
2025-10-29T20:46:21.437328+00:00,58.41985483333333,15.585798666666667,NE
2025-10-29T20:46:22.441423+00:00,58.41984766666667,15.585724333333333,NE
2025-10-29T20:46:23.436404+00:00,58.41982266666667,15.585663,NE
2025-10-29T20:46:24.438585+00:00,58.419813166666664,15.585581833333332,NE
2025-10-29T20:46:25.438522+00:00,58.419787666666664,15.585518166666667,NE
2025-10-29T20:46:26.439548+00:00,58.4197505,15.585458666666666,NE
2025-10-29T20:46:27.438575+00:00,58.419732833333335,15.585366666666667,NE
2025-10-29T20:46:28.437648+00:00,58.419711166666666,15.5852725,NE
2025-10-29T20:46:29.436624+00:00,58.41966566666667,15.585218,NE
2025-10-29T20:46:30.441649+00:00,58.419631333333335,15.5851655,NE
2025-10-29T20:46:31.437989+00:00,58.419626,15.585065333333333,NE
2025-10-29T20:46:32.439978+00:00,58.419614333333335,15.584977666666667,NE
2025-10-29T20:46:33.437991+00:00,58.4196085,15.5848845,NE
2025-10-29T20:46:34.438980+00:00,58.41959,15.584806,NE
2025-10-29T20:46:35.437042+00:00,58.419583833333334,15.584713166666667,NE
2025-10-29T20:46:36.437052+00:00,58.419574833333336,15.584624833333333,NE
2025-10-29T20:46:37.442267+00:00,58.419571833333336,15.584533666666667,NE
2025-10-29T20:46:38.440111+00:00,58.41956,15.584451666666666,NE
2025-10-29T20:46:39.438168+00:00,58.41954333333333,15.584373833333334,NE
2025-10-29T20:46:40.436217+00:00,58.4195255,15.584294666666667,NE
2025-10-29T20:46:41.438274+00:00,58.419509833333336,15.584237333333334,NE
2025-10-29T20:46:42.439320+00:00,58.419494,15.584182833333333,NE
2025-10-29T20:46:43.441378+00:00,58.419476333333336,15.584136333333333,NE
2025-10-29T20:46:44.443412+00:00,58.419448,15.584088833333333,NE
2025-10-29T20:46:45.439467+00:00,58.4194185,15.58404,NE
2025-10-29T20:46:46.441576+00:00,58.4193915,15.583987,NE
2025-10-29T20:46:47.436552+00:00,58.419364,15.5839485,NE
2025-10-29T20:46:48.439526+00:00,58.41933866666667,15.583912333333334,NE
2025-10-29T20:46:49.437659+00:00,58.41931733333333,15.583849166666667,NE
2025-10-29T20:46:50.440714+00:00,58.419304833333335,15.583784166666666,NE
2025-10-29T20:46:51.438653+00:00,58.41930766666667,15.583699333333334,NE
2025-10-29T20:46:52.441712+00:00,58.41931833333334,15.583622666666667,NE
2025-10-29T20:46:53.438050+00:00,58.41933066666667,15.583564,NE
2025-10-29T20:46:54.442007+00:00,58.419326166666664,15.5835025,NE
2025-10-29T20:46:55.439000+00:00,58.419346,15.583437,NE
2025-10-29T20:46:56.439096+00:00,58.41937633333333,15.583354,NE
2025-10-29T20:46:57.436159+00:00,58.4193775,15.583290666666667,NE
2025-10-29T20:46:58.436156+00:00,58.41938416666667,15.583222166666667,NE
2025-10-29T20:46:59.437233+00:00,58.419396166666665,15.583163166666667,NE
2025-10-29T20:47:00.437343+00:00,58.41941466666667,15.583104,NE
2025-10-29T20:47:01.435225+00:00,58.4194245,15.583039333333334,NE
2025-10-29T20:47:02.443272+00:00,58.41951816666667,15.582901333333334,NE
2025-10-29T20:47:03.438321+00:00,58.41958733333333,15.582768,NE
2025-10-29T20:47:04.442363+00:00,58.419663,15.582632833333333,NE
2025-10-29T20:47:05.439424+00:00,58.419752,15.582468833333333,NE
2025-10-29T20:47:06.439449+00:00,58.419843666666665,15.582309333333333,NE
2025-10-29T20:47:07.438517+00:00,58.41995383333333,15.582126833333334,NE
2025-10-29T20:47:08.436550+00:00,58.419967,15.582024666666667,NE
2025-10-29T20:47:09.432601+00:00,58.4199905,15.581921166666667,NE
2025-10-29T20:47:10.437617+00:00,58.420003666666666,15.5818385,NE
2025-10-29T20:47:16.434963+00:00,58.420224833333336,15.581356166666666,NE
2025-10-29T20:47:19.438162+00:00,58.42021833333333,15.5813785,NE
2025-10-29T20:47:20.438265+00:00,58.42019166666667,15.581434166666666,NE
2025-10-29T20:47:21.439186+00:00,58.42016516666666,15.581437,NE
2025-10-29T20:47:22.443231+00:00,58.420128166666665,15.5814655,NE
2025-10-29T20:47:23.437298+00:00,58.42006283333333,15.581527833333332,NE
2025-10-29T20:47:24.442443+00:00,58.420021166666665,15.581576833333333,NE
2025-10-29T20:47:25.440473+00:00,58.419818,15.581746333333333,NE
2025-10-29T20:47:26.442334+00:00,58.419723166666664,15.581801833333333,NE
2025-10-29T20:47:27.436404+00:00,58.419670833333335,15.5818205,NE
2025-10-29T20:47:28.439467+00:00,58.41964633333333,15.581832,NE
2025-10-29T20:47:29.440504+00:00,58.419635666666665,15.581841833333334,NE
2025-10-29T20:47:30.439563+00:00,58.41962316666667,15.5818575,NE
2025-10-29T20:47:31.436656+00:00,58.419621,15.581875666666667,NE
2025-10-29T20:47:32.439663+00:00,58.4196105,15.581886666666668,NE
2025-10-29T20:47:33.437713+00:00,58.419608,15.581897,NE
2025-10-29T20:47:34.438753+00:00,58.41961333333333,15.581913666666667,NE
2025-10-29T20:47:35.436849+00:00,58.419604666666665,15.581907166666667,NE
2025-10-29T20:47:36.439025+00:00,58.419610166666665,15.581910333333333,NE
2025-10-29T20:47:37.436939+00:00,58.41960383333333,15.581906333333333,NE
2025-10-29T20:47:38.436936+00:00,58.41959333333333,15.581900833333334,NE
2025-10-29T20:47:39.436048+00:00,58.41958916666667,15.581900333333333,NE
2025-10-29T20:47:40.440123+00:00,58.41959133333334,15.581913,NE
2025-10-29T20:47:41.437087+00:00,58.4196005,15.581922,NE
2025-10-29T20:47:42.440128+00:00,58.419597,15.581919666666666,NE
2025-10-29T20:47:43.438334+00:00,58.4195985,15.5819235,NE
2025-10-29T20:47:44.442220+00:00,58.419607666666664,15.581923833333333,NE
2025-10-29T20:47:45.437290+00:00,58.419614833333334,15.581906,NE
2025-10-29T20:47:46.441304+00:00,58.41961833333333,15.581918333333334,NE
2025-10-29T20:47:47.437377+00:00,58.41960316666667,15.581933,NE
2025-10-29T20:47:48.436418+00:00,58.4196005,15.581941666666667,NE
2025-10-29T20:47:49.431462+00:00,58.41959883333333,15.581942666666666,NE
2025-10-29T20:47:50.437538+00:00,58.41958833333333,15.581941166666667,NE
2025-10-29T20:47:51.436565+00:00,58.419618,15.5819335,NE
2025-10-29T20:47:56.436909+00:00,58.419695,15.581982833333333,NE
2025-10-29T20:47:57.436907+00:00,58.41972716666667,15.582011833333333,NE
2025-10-29T20:47:58.436812+00:00,58.41974483333333,15.582036833333333,NE
2025-10-29T20:47:59.434967+00:00,58.419760833333335,15.582059666666666,NE
2025-10-29T20:48:00.439138+00:00,58.41978116666667,15.582054333333334,NE
2025-10-29T20:48:01.436178+00:00,58.419776,15.5820305,NE
2025-10-29T20:48:02.440192+00:00,58.4197665,15.582015,NE
2025-10-29T20:48:03.436330+00:00,58.419742,15.582004666666666,NE
2025-10-29T20:48:04.437193+00:00,58.419736,15.582011333333334,NE
2025-10-29T20:48:05.436223+00:00,58.41973766666667,15.582010833333333,NE
2025-10-29T20:48:06.438270+00:00,58.41973466666666,15.58201,NE
2025-10-29T20:48:07.433342+00:00,58.41973333333333,15.582003333333333,NE
2025-10-29T20:48:08.437398+00:00,58.419729,15.582001166666666,NE
2025-10-29T20:48:09.436415+00:00,58.419729833333335,15.581998,NE
2025-10-29T20:48:10.436462+00:00,58.419715833333335,15.581999333333334,NE
2025-10-29T20:48:11.435510+00:00,58.419707833333334,15.5820105,NE
2025-10-29T20:48:12.436554+00:00,58.419693333333335,15.5820185,NE
2025-10-29T20:48:13.436594+00:00,58.419688,15.582011,NE
2025-10-29T20:48:14.437645+00:00,58.419675166666664,15.582015666666667,NE
2025-10-29T20:48:15.436661+00:00,58.41966516666667,15.5820165,NE
2025-10-29T20:48:16.437758+00:00,58.4196615,15.582015666666667,NE
2025-10-29T20:48:17.435817+00:00,58.419654666666666,15.582021,NE
2025-10-29T20:48:18.434753+00:00,58.41965916666667,15.5820175,NE
2025-10-29T20:48:19.432883+00:00,58.4196615,15.582019,NE
2025-10-29T20:48:20.438852+00:00,58.419645833333334,15.582033166666667,NE
2025-10-29T20:48:21.434050+00:00,58.41963466666667,15.582041333333333,NE
2025-10-29T20:48:22.439200+00:00,58.4196245,15.582029,NE
2025-10-29T20:48:23.437093+00:00,58.41961583333333,15.582022,NE
2025-10-29T20:48:24.437147+00:00,58.4196105,15.58202,NE
2025-10-29T20:48:25.435213+00:00,58.4195995,15.582021333333334,NE
2025-10-29T20:48:26.437279+00:00,58.4195965,15.5820215,NE
2025-10-29T20:48:27.437275+00:00,58.41958533333333,15.5820235,NE
2025-10-29T20:48:28.442293+00:00,58.41958833333333,15.5820185,NE
2025-10-29T20:48:29.435413+00:00,58.419598666666666,15.5820115,NE
2025-10-29T20:48:30.436474+00:00,58.4195905,15.582011,NE
2025-10-29T20:48:31.438444+00:00,58.419593,15.5819975,NE
2025-10-29T20:48:32.438679+00:00,58.4195895,15.581987833333333,NE
2025-10-29T20:48:33.435541+00:00,58.419592333333334,15.581980333333334,NE
2025-10-29T20:48:34.438587+00:00,58.41959583333333,15.581973833333333,NE
2025-10-29T20:48:35.437635+00:00,58.419604,15.581976833333334,NE
2025-10-29T20:48:36.435689+00:00,58.419608833333335,15.581975833333333,NE
